{"cameraMode":{"drawMode":0,"name":"Shaded","section":"Shading Mode"},"sceneLighting":false,"audioPlay":false,"sceneViewState":{"showFog":true,"showMaterialUpdate":false,"showSkybox":false,"showFlares":true,"showImageEffects":true,"showParticleSystems":true},"in2DMode":false,"pivot":{"x":0.0,"y":-0.022749995812773706,"z":0.002200007438659668},"rotation":{"x":-0.07273124903440476,"y":0.8003115653991699,"z":-0.0991891399025917,"w":-0.586833119392395},"size":0.7231248617172241,"orthographic":false}